start_time,end_time,peak_time,peak_value,n_samples
1957-01-21T16:00,1957-01-27T07:00,1957-01-21T22:00,-250.0,136
1957-02-23T20:00,1957-02-26T12:00,1957-02-24T06:00,-147.0,65
1957-03-02T01:00,1957-03-07T16:00,1957-03-02T07:00,-255.0,136
1957-03-10T07:00,1957-03-14T02:00,1957-03-10T15:00,-177.0,92
1957-03-27T19:00,1957-03-29T03:00,1957-03-28T08:00,-141.0,33
1957-03-29T14:00,1957-04-05T09:00,1957-03-29T23:00,-121.0,164
1957-04-09T18:00,1957-04-12T04:00,1957-04-10T06:00,-124.0,59
1957-04-18T17:00,1957-04-21T19:00,1957-04-19T01:00,-111.0,75
1957-06-26T01:00,1957-06-27T19:00,1957-06-26T11:00,-102.0,43
1957-06-30T11:00,1957-07-04T13:00,1957-06-30T23:00,-218.0,99
1957-09-02T06:00,1957-09-09T22:00,1957-09-05T03:00,-324.0,185
1957-09-13T03:00,1957-09-16T13:00,1957-09-13T10:00,-427.0,83
1957-09-21T12:00,1957-09-26T09:00,1957-09-23T07:00,-303.0,118
1957-09-29T14:00,1957-10-01T15:00,1957-09-29T22:00,-246.0,50
1957-11-06T20:00,1957-11-13T07:00,1957-11-07T01:00,-121.0,156
1957-11-26T15:00,1957-11-29T22:00,1957-11-27T08:00,-122.0,80
1957-12-31T02:00,1958-01-03T11:00,1958-01-01T05:00,-130.0,82
1958-02-11T04:00,1958-02-15T11:00,1958-02-11T11:00,-426.0,104
1958-03-11T13:00,1958-03-14T12:00,1958-03-12T06:00,-125.0,72
1958-05-29T07:00,1958-06-03T17:00,1958-06-01T00:00,-166.0,131
1958-06-06T23:00,1958-06-08T16:00,1958-06-07T09:00,-132.0,42
1958-06-28T20:00,1958-07-01T22:00,1958-06-29T04:00,-180.0,75
1958-07-08T11:00,1958-07-11T23:00,1958-07-08T22:00,-330.0,85
1958-08-27T05:00,1958-08-29T09:00,1958-08-27T08:00,-109.0,53
1958-09-03T18:00,1958-09-08T16:00,1958-09-04T22:00,-302.0,119
1958-09-25T05:00,1958-09-28T11:00,1958-09-25T17:00,-132.0,79
1958-10-22T06:00,1958-10-30T22:00,1958-10-24T13:00,-177.0,209
1958-12-04T09:00,1958-12-07T10:00,1958-12-04T23:00,-183.0,74
1958-12-13T13:00,1958-12-15T09:00,1958-12-13T20:00,-108.0,45
1958-12-17T19:00,1958-12-20T08:00,1958-12-18T01:00,-111.0,62
1959-01-09T10:00,1959-01-12T12:00,1959-01-09T22:00,-102.0,75
1959-02-14T13:00,1959-02-18T10:00,1959-02-17T00:00,-113.0,94
1959-02-25T13:00,1959-03-06T09:00,1959-02-25T19:00,-135.0,213
1959-03-26T11:00,1959-04-04T04:00,1959-03-27T07:00,-234.0,210
1959-04-10T12:00,1959-04-11T17:00,1959-04-10T18:00,-122.0,30
1959-04-23T17:00,1959-04-26T10:00,1959-04-23T21:00,-128.0,66
1959-07-15T09:00,1959-07-22T07:00,1959-07-15T19:00,-429.0,167
1959-08-16T07:00,1959-08-20T03:00,1959-08-17T05:00,-181.0,93
1959-08-31T08:00,1959-09-08T16:00,1959-09-04T07:00,-158.0,201
1959-09-20T04:00,1959-09-29T21:00,1959-09-22T09:00,-115.0,234
1959-10-03T05:00,1959-10-08T18:00,1959-10-04T02:00,-112.0,134
1959-11-28T03:00,1959-12-05T06:00,1959-11-28T05:00,-165.0,172
1959-12-05T11:00,1959-12-08T23:00,1959-12-05T19:00,-166.0,85
1960-01-14T20:00,1960-01-17T09:00,1960-01-15T02:00,-104.0,62
1960-03-15T17:00,1960-03-18T02:00,1960-03-16T06:00,-148.0,58
1960-03-30T17:00,1960-04-10T00:00,1960-04-01T18:00,-327.0,248
1960-04-23T22:00,1960-05-04T13:00,1960-04-30T18:00,-325.0,256
1960-05-08T09:00,1960-05-13T10:00,1960-05-08T15:00,-129.0,122
1960-07-15T10:00,1960-07-18T21:00,1960-07-16T00:00,-148.0,84
1960-08-16T15:00,1960-08-19T15:00,1960-08-17T05:00,-144.0,73
1960-08-29T18:00,1960-09-01T08:00,1960-08-30T06:00,-111.0,63
1960-09-04T05:00,1960-09-11T09:00,1960-09-05T09:00,-220.0,173
1960-10-05T22:00,1960-10-12T19:00,1960-10-07T00:00,-287.0,166
1960-10-25T05:00,1960-11-07T20:00,1960-10-25T18:00,-136.0,328
1960-11-12T18:00,1960-11-19T22:00,1960-11-13T09:00,-339.0,173
1960-11-21T04:00,1960-11-24T14:00,1960-11-21T18:00,-111.0,83
1960-12-01T01:00,1960-12-05T20:00,1960-12-01T09:00,-131.0,116
1960-12-15T00:00,1960-12-21T11:00,1960-12-15T21:00,-133.0,156
1960-12-27T11:00,1961-01-01T12:00,1960-12-27T20:00,-108.0,122
1961-02-04T14:00,1961-02-06T05:00,1961-02-04T22:00,-157.0,40
1961-02-17T20:00,1961-02-19T20:00,1961-02-18T01:00,-101.0,49
1961-03-05T21:00,1961-03-07T04:00,1961-03-06T01:00,-107.0,32
1961-03-10T07:00,1961-03-12T07:00,1961-03-10T11:00,-131.0,49
1961-04-14T12:00,1961-04-17T13:00,1961-04-14T23:00,-118.0,74
1961-07-13T16:00,1961-07-17T06:00,1961-07-14T16:00,-132.0,87
1961-07-17T11:00,1961-07-20T13:00,1961-07-18T23:00,-105.0,75
1961-07-27T08:00,1961-07-29T16:00,1961-07-27T10:00,-159.0,57
1961-09-30T23:00,1961-10-05T19:00,1961-10-01T06:00,-171.0,117
1961-10-28T10:00,1961-11-03T09:00,1961-10-28T18:00,-272.0,144
1961-12-01T10:00,1961-12-05T13:00,1961-12-02T23:00,-127.0,100
1963-09-14T07:00,1963-09-19T07:00,1963-09-14T15:00,-107.0,121
1963-09-22T03:00,1963-10-02T03:00,1963-09-23T01:00,-236.0,241
1963-10-24T00:00,1963-10-26T21:00,1963-10-24T10:00,-133.0,70
1963-10-29T16:00,1963-11-02T09:00,1963-10-29T23:00,-173.0,90
1965-04-18T04:00,1965-04-22T01:00,1965-04-18T08:00,-162.0,94
1966-03-13T21:00,1966-03-15T10:00,1966-03-14T06:00,-105.0,38
1966-05-26T10:00,1966-05-29T01:00,1966-05-26T21:00,-118.0,64
1966-08-30T18:00,1966-08-31T17:00,1966-08-30T23:00,-111.0,24
1966-09-03T08:00,1966-09-10T20:00,1966-09-04T06:00,-189.0,181
1967-01-07T14:00,1967-01-11T04:00,1967-01-08T09:00,-128.0,87
1967-01-13T21:00,1967-01-17T16:00,1967-01-14T05:00,-160.0,92
1967-02-07T18:00,1967-02-10T17:00,1967-02-07T23:00,-120.0,72
1967-02-16T10:00,1967-02-19T12:00,1967-02-16T13:00,-130.0,75
1967-05-02T21:00,1967-05-07T00:00,1967-05-03T15:00,-123.0,100
1967-05-25T14:00,1967-06-04T04:00,1967-05-26T04:00,-387.0,231
1967-06-05T21:00,1967-06-11T06:00,1967-06-06T02:00,-160.0,130
1967-09-20T20:00,1967-09-23T18:00,1967-09-21T08:00,-110.0,71
1967-12-31T03:00,1968-01-05T01:00,1967-12-31T21:00,-109.0,119
1968-02-10T17:00,1968-02-13T23:00,1968-02-11T10:00,-124.0,79
1968-04-05T19:00,1968-04-07T14:00,1968-04-05T21:00,-112.0,44
1968-10-29T17:00,1968-11-12T14:00,1968-10-31T18:00,-224.0,334
1969-02-02T18:00,1969-02-05T20:00,1969-02-02T22:00,-186.0,75
1969-02-10T22:00,1969-02-14T19:00,1969-02-11T19:00,-136.0,94
1969-03-23T19:00,1969-03-27T19:00,1969-03-24T01:00,-228.0,97
1969-05-14T22:00,1969-05-18T15:00,1969-05-15T04:00,-121.0,90
1969-09-29T19:00,1969-10-04T13:00,1969-09-30T01:00,-116.0,115
1970-03-06T06:00,1970-03-14T10:00,1970-03-08T22:00,-284.0,197
1970-04-20T21:00,1970-04-26T09:00,1970-04-21T18:00,-141.0,133
1970-07-25T02:00,1970-07-28T09:00,1970-07-25T08:00,-108.0,80
1970-08-17T02:00,1970-08-21T08:00,1970-08-17T08:00,-181.0,103
1970-10-16T12:00,1970-10-21T02:00,1970-10-18T01:00,-119.0,111
1970-11-07T03:00,1970-11-09T22:00,1970-11-07T09:00,-108.0,68
1970-11-21T03:00,1970-11-24T05:00,1970-11-21T15:00,-110.0,75
1970-12-14T06:00,1970-12-18T13:00,1970-12-14T07:00,-153.0,104
1971-04-14T18:00,1971-04-17T18:00,1971-04-15T01:00,-143.0,73
1971-12-17T16:00,1971-12-24T12:00,1971-12-17T20:00,-171.0,165
1972-06-17T21:00,1972-06-24T14:00,1972-06-18T02:00,-190.0,162
1972-08-04T04:00,1972-08-05T13:00,1972-08-05T03:00,-125.0,34
1972-08-05T15:00,1972-08-08T23:00,1972-08-06T10:00,-107.0,81
1972-08-09T04:00,1972-08-14T04:00,1972-08-09T10:00,-154.0,121
1972-09-13T14:00,1972-09-20T02:00,1972-09-14T05:00,-146.0,157
1972-10-31T20:00,1972-11-05T23:00,1972-11-01T08:00,-199.0,124
1973-02-21T17:00,1973-03-01T02:00,1973-02-21T22:00,-121.0,178
1973-03-31T17:00,1973-04-07T16:00,1973-04-01T22:00,-211.0,168
1973-04-13T10:00,1973-04-26T10:00,1973-04-14T08:00,-134.0,313
1974-07-05T00:00,1974-07-12T01:00,1974-07-06T06:00,-204.0,170
1974-09-15T14:00,1974-09-19T00:00,1974-09-15T19:00,-159.0,83
1974-10-13T00:00,1974-10-22T04:00,1974-10-13T14:00,-120.0,221
1975-11-09T08:00,1975-11-10T10:00,1975-11-09T18:00,-110.0,27
1976-01-10T15:00,1976-01-14T03:00,1976-01-10T23:00,-156.0,85
1976-03-26T04:00,1976-03-31T11:00,1976-03-26T08:00,-226.0,128
1976-03-31T15:00,1976-04-09T09:00,1976-04-01T08:00,-218.0,211
1976-05-02T11:00,1976-05-05T11:00,1976-05-03T01:00,-107.0,73
1977-04-06T16:00,1977-04-07T17:00,1977-04-06T23:00,-105.0,26
1977-10-27T09:00,1977-10-31T16:00,1977-10-28T04:00,-159.0,104
1977-12-01T19:00,1977-12-04T16:00,1977-12-02T20:00,-124.0,70
1977-12-11T04:00,1977-12-14T20:00,1977-12-11T11:00,-112.0,89
1978-01-04T00:00,1978-01-07T18:00,1978-01-05T00:00,-121.0,91
1978-02-15T08:00,1978-02-21T06:00,1978-02-15T11:00,-108.0,143
1978-04-03T05:00,1978-04-07T03:00,1978-04-05T01:00,-109.0,95
1978-04-10T22:00,1978-04-13T18:00,1978-04-11T02:00,-114.0,69
1978-04-30T16:00,1978-05-08T14:00,1978-05-04T08:00,-152.0,191
1978-05-09T07:00,1978-05-13T19:00,1978-05-09T09:00,-132.0,109
1978-08-27T19:00,1978-09-05T09:00,1978-08-28T09:00,-226.0,207
1978-09-27T16:00,1978-10-04T00:00,1978-09-29T10:00,-224.0,153
1978-10-26T22:00,1978-11-03T15:00,1978-10-27T08:00,-103.0,186
1978-11-24T16:00,1978-11-29T06:00,1978-11-25T18:00,-149.0,111
1979-02-21T17:00,1979-02-22T22:00,1979-02-21T21:00,-107.0,30
1979-03-10T19:00,1979-03-12T20:00,1979-03-10T23:00,-140.0,50
1979-03-25T08:00,1979-04-03T12:00,1979-03-29T21:00,-129.0,221
1979-04-03T16:00,1979-04-05T04:00,1979-04-04T03:00,-202.0,37
1979-04-25T02:00,1979-05-01T11:00,1979-04-25T14:00,-149.0,154
1979-08-29T06:00,1979-08-31T11:00,1979-08-29T18:00,-140.0,54
1979-09-18T01:00,1979-09-20T09:00,1979-09-18T15:00,-158.0,57
1980-02-15T20:00,1980-02-19T12:00,1980-02-16T07:00,-132.0,89
1980-05-25T05:00,1980-05-27T14:00,1980-05-25T13:00,-126.0,58
1980-10-10T20:00,1980-10-13T06:00,1980-10-11T08:00,-104.0,59
1980-12-19T13:00,1980-12-22T19:00,1980-12-19T18:00,-240.0,79
1981-02-06T14:00,1981-02-08T13:00,1981-02-07T00:00,-131.0,48
1981-03-05T07:00,1981-03-09T12:00,1981-03-05T17:00,-215.0,102
1981-04-12T00:00,1981-04-16T08:00,1981-04-13T06:00,-311.0,105
1981-05-09T04:00,1981-05-13T07:00,1981-05-11T04:00,-137.0,100
1981-05-15T04:00,1981-05-17T23:00,1981-05-16T14:00,-119.0,68
1981-05-18T04:00,1981-05-22T09:00,1981-05-18T06:00,-118.0,102
1981-07-24T22:00,1981-08-02T11:00,1981-07-25T20:00,-226.0,206
1981-08-23T01:00,1981-08-26T07:00,1981-08-23T22:00,-101.0,79
1981-10-07T11:00,1981-10-13T14:00,1981-10-11T15:00,-113.0,148
1981-10-14T02:00,1981-10-17T05:00,1981-10-14T06:00,-133.0,76
1981-10-19T19:00,1981-10-26T09:00,1981-10-20T19:00,-192.0,159
1981-11-11T16:00,1981-11-14T04:00,1981-11-12T07:00,-124.0,61
1982-01-31T12:00,1982-02-09T13:00,1982-02-02T12:00,-117.0,218
1982-02-10T11:00,1982-02-11T15:00,1982-02-10T20:00,-105.0,29
1982-02-11T21:00,1982-02-17T02:00,1982-02-13T20:00,-102.0,126
1982-03-01T14:00,1982-03-04T05:00,1982-03-02T05:00,-211.0,64
1982-04-10T06:00,1982-04-12T20:00,1982-04-10T20:00,-137.0,63
1982-07-13T18:00,1982-07-21T22:00,1982-07-14T01:00,-325.0,197
1982-08-07T00:00,1982-08-08T20:00,1982-08-07T07:00,-155.0,45
1982-09-04T10:00,1982-09-09T00:00,1982-09-06T11:00,-289.0,111
1982-09-21T20:00,1982-09-25T10:00,1982-09-22T07:00,-210.0,87
1982-09-26T05:00,1982-09-28T20:00,1982-09-26T18:00,-187.0,64
1982-11-21T17:00,1982-11-23T08:00,1982-11-22T05:00,-114.0,40
1982-11-23T16:00,1982-11-27T23:00,1982-11-24T17:00,-197.0,104
1982-12-16T20:00,1982-12-18T23:00,1982-12-17T13:00,-106.0,52
1982-12-20T10:00,1982-12-24T18:00,1982-12-22T05:00,-101.0,105
1983-01-10T01:00,1983-01-11T22:00,1983-01-10T07:00,-213.0,46
1983-02-04T17:00,1983-02-10T16:00,1983-02-05T10:00,-183.0,144
1983-03-01T21:00,1983-03-08T10:00,1983-03-02T08:00,-167.0,158
1983-03-11T18:00,1983-03-15T20:00,1983-03-12T23:00,-132.0,99
1983-03-25T00:00,1983-03-27T02:00,1983-03-25T07:00,-103.0,51
1983-06-13T04:00,1983-06-16T06:00,1983-06-13T07:00,-127.0,75
1983-08-07T23:00,1983-08-09T19:00,1983-08-08T06:00,-149.0,45
1984-03-27T15:00,1984-04-07T02:00,1984-04-04T23:00,-120.0,252
1984-08-01T02:00,1984-08-05T06:00,1984-08-01T06:00,-112.0,101
1984-09-04T14:00,1984-09-07T12:00,1984-09-05T07:00,-125.0,71
1984-11-15T09:00,1984-11-21T09:00,1984-11-16T07:00,-141.0,145
1985-01-28T01:00,1985-01-31T03:00,1985-01-28T15:00,-125.0,75
1985-04-20T08:00,1985-04-26T01:00,1985-04-21T06:00,-158.0,138
1985-11-29T16:00,1985-12-06T17:00,1985-11-29T23:00,-147.0,170
1986-02-07T10:00,1986-02-16T20:00,1986-02-09T00:00,-307.0,227
1986-09-12T03:00,1986-09-15T03:00,1986-09-12T06:00,-170.0,73
1986-10-13T19:00,1986-10-16T03:00,1986-10-13T21:00,-101.0,57
1986-11-24T15:00,1986-11-28T11:00,1986-11-25T18:00,-105.0,93
1988-01-14T17:00,1988-01-19T22:00,1988-01-14T23:00,-147.0,126
1988-02-21T20:00,1988-02-27T13:00,1988-02-22T17:00,-130.0,138
1988-03-26T05:00,1988-03-30T20:00,1988-03-26T21:00,-154.0,112
1988-03-31T00:00,1988-04-08T18:00,1988-04-04T17:00,-133.0,211
1988-04-22T02:00,1988-04-24T02:00,1988-04-22T10:00,-109.0,49
1988-05-05T23:00,1988-05-10T20:00,1988-05-06T10:00,-160.0,118
1988-10-09T02:00,1988-10-15T02:00,1988-10-10T17:00,-156.0,145
1988-11-30T10:00,1988-12-02T01:00,1988-11-30T15:00,-111.0,40
1989-01-11T18:00,1989-01-19T19:00,1989-01-11T21:00,-129.0,194
1989-01-20T15:00,1989-01-24T11:00,1989-01-20T19:00,-120.0,93
1989-03-08T20:00,1989-03-13T00:00,1989-03-09T01:00,-101.0,101
1989-03-13T02:00,1989-03-26T22:00,1989-03-14T01:00,-589.0,333
1989-03-28T09:00,1989-04-10T20:00,1989-03-29T21:00,-125.0,324
1989-04-25T18:00,1989-05-01T08:00,1989-04-26T06:00,-132.0,135
1989-06-09T01:00,1989-06-13T07:00,1989-06-10T15:00,-142.0,103
1989-08-14T07:00,1989-08-18T20:00,1989-08-15T05:00,-145.0,110
1989-08-28T13:00,1989-09-02T00:00,1989-08-29T05:00,-152.0,108
1989-09-15T13:00,1989-09-17T13:00,1989-09-16T04:00,-124.0,49
1989-09-18T19:00,1989-09-23T08:00,1989-09-19T04:00,-255.0,110
1989-09-26T08:00,1989-09-29T02:00,1989-09-26T19:00,-151.0,67
1989-10-18T23:00,1989-10-26T14:00,1989-10-21T16:00,-268.0,184
1989-11-13T01:00,1989-11-15T22:00,1989-11-13T18:00,-121.0,70
1989-11-16T20:00,1989-11-21T15:00,1989-11-17T22:00,-266.0,116
1989-12-29T12:00,1990-01-03T21:00,1989-12-30T00:00,-103.0,130
1990-03-12T20:00,1990-03-15T07:00,1990-03-12T23:00,-162.0,60
1990-03-20T10:00,1990-04-01T21:00,1990-03-30T11:00,-187.0,300
1990-04-10T00:00,1990-04-17T06:00,1990-04-10T18:00,-281.0,175
1990-04-17T09:00,1990-04-27T01:00,1990-04-17T13:00,-113.0,233
1990-06-12T14:00,1990-06-14T02:00,1990-06-13T03:00,-150.0,37
1990-07-28T12:00,1990-07-30T20:00,1990-07-29T03:00,-129.0,57
1990-08-26T07:00,1990-08-28T16:00,1990-08-26T13:00,-113.0,58
1990-10-10T00:00,1990-10-13T12:00,1990-10-10T08:00,-133.0,85
1990-11-27T16:00,1990-11-29T12:00,1990-11-27T21:00,-135.0,45
1991-03-24T05:00,1991-03-30T00:00,1991-03-25T00:00,-298.0,140
1991-05-17T05:00,1991-05-19T00:00,1991-05-17T09:00,-105.0,44
1991-06-05T01:00,1991-06-08T13:00,1991-06-05T19:00,-223.0,85
1991-06-09T17:00,1991-06-10T22:00,1991-06-10T13:00,-134.0,30
1991-06-11T00:00,1991-06-12T19:00,1991-06-11T06:00,-140.0,44
1991-06-13T08:00,1991-06-16T15:00,1991-06-13T21:00,-114.0,80
1991-07-08T22:00,1991-07-12T09:00,1991-07-09T14:00,-194.0,84
1991-07-13T00:00,1991-07-22T21:00,1991-07-13T15:00,-183.0,238
1991-08-01T16:00,1991-08-05T20:00,1991-08-02T12:00,-114.0,101
1991-08-19T06:00,1991-08-24T07:00,1991-08-19T08:00,-170.0,122
1991-08-29T15:00,1991-09-07T16:00,1991-08-30T21:00,-107.0,218
1991-09-25T03:00,1991-10-05T10:00,1991-10-02T03:00,-164.0,248
1991-10-23T19:00,1991-11-07T21:00,1991-10-29T07:00,-254.0,363
1991-11-08T14:00,1991-11-11T17:00,1991-11-09T01:00,-354.0,76
1991-11-15T09:00,1991-11-26T12:00,1991-11-22T01:00,-139.0,268
1992-02-01T14:00,1992-02-06T23:00,1992-02-03T08:00,-170.0,130
1992-02-08T06:00,1992-02-13T01:00,1992-02-09T08:00,-201.0,116
1992-02-20T10:00,1992-03-02T21:00,1992-02-26T21:00,-174.0,276
1992-04-03T07:00,1992-04-05T02:00,1992-04-03T16:00,-105.0,44
1992-05-10T02:00,1992-05-15T11:00,1992-05-10T14:00,-288.0,130
1992-05-22T06:00,1992-05-24T09:00,1992-05-22T17:00,-102.0,52
1992-08-23T00:00,1992-08-24T22:00,1992-08-23T02:00,-111.0,47
1992-09-09T08:00,1992-09-13T05:00,1992-09-09T13:00,-131.0,94
1992-09-17T02:00,1992-09-20T01:00,1992-09-17T09:00,-140.0,72
1992-09-28T21:00,1992-10-04T07:00,1992-09-29T11:00,-115.0,131
1992-12-28T13:00,1992-12-31T04:00,1992-12-29T06:00,-105.0,64
1993-02-17T13:00,1993-02-19T16:00,1993-02-17T15:00,-110.0,52
1993-03-09T00:00,1993-03-11T06:00,1993-03-09T06:00,-137.0,55
1993-03-11T10:00,1993-03-14T06:00,1993-03-11T18:00,-120.0,69
1993-04-04T16:00,1993-04-08T02:00,1993-04-05T06:00,-165.0,83
1993-09-12T19:00,1993-09-17T01:00,1993-09-13T05:00,-161.0,103
1993-11-03T23:00,1993-11-09T14:00,1993-11-04T11:00,-119.0,136
1993-12-01T12:00,1993-12-06T06:00,1993-12-03T00:00,-117.0,115
1994-02-05T13:00,1994-02-17T07:00,1994-02-06T17:00,-126.0,283
1994-02-21T14:00,1994-02-27T08:00,1994-02-22T01:00,-144.0,139
1994-03-06T19:00,1994-03-20T20:00,1994-03-07T21:00,-109.0,338
1994-04-02T15:00,1994-04-20T04:00,1994-04-17T07:00,-201.0,422
1994-10-29T07:00,1994-11-08T07:00,1994-10-29T15:00,-123.0,241
1994-11-26T08:00,1994-11-29T08:00,1994-11-26T12:00,-117.0,73
1995-03-26T10:00,1995-03-28T23:00,1995-03-26T17:00,-107.0,62
1995-04-07T03:00,1995-04-13T01:00,1995-04-07T18:00,-149.0,143
1995-09-27T11:00,1995-09-29T08:00,1995-09-27T20:00,-108.0,46
1995-10-18T20:00,1995-10-19T17:00,1995-10-18T23:00,-127.0,22
1996-10-22T22:00,1996-10-26T17:00,1996-10-23T04:00,-105.0,92
1997-04-21T14:00,1997-04-23T03:00,1997-04-21T23:00,-107.0,38
1997-05-15T07:00,1997-05-18T12:00,1997-05-15T12:00,-115.0,78
1997-10-10T18:00,1997-10-14T00:00,1997-10-11T03:00,-130.0,79
1997-11-07T00:00,1997-11-09T09:00,1997-11-07T04:00,-110.0,58
1997-11-22T21:00,1997-11-26T03:00,1997-11-23T06:00,-108.0,79
1998-03-10T15:00,1998-03-17T07:00,1998-03-10T20:00,-116.0,161
1998-05-02T10:00,1998-05-07T21:00,1998-05-04T05:00,-205.0,132
1998-06-26T01:00,1998-06-26T11:00,1998-06-26T04:00,-101.0,11
1998-08-06T05:00,1998-08-09T10:00,1998-08-06T11:00,-138.0,78
1998-08-26T12:00,1998-09-01T05:00,1998-08-27T09:00,-155.0,138
1998-09-25T01:00,1998-09-28T05:00,1998-09-25T09:00,-207.0,77
1998-10-19T04:00,1998-10-23T12:00,1998-10-19T15:00,-112.0,105
1998-11-07T12:00,1998-11-08T18:00,1998-11-08T06:00,-149.0,31
1998-11-08T21:00,1998-11-12T06:00,1998-11-09T17:00,-142.0,82
1998-11-13T03:00,1998-11-17T00:00,1998-11-13T21:00,-131.0,94
1999-01-13T12:00,1999-01-17T00:00,1999-01-13T23:00,-112.0,85
1999-02-18T04:00,1999-02-21T12:00,1999-02-18T09:00,-123.0,81
1999-09-22T21:00,1999-09-25T04:00,1999-09-22T23:00,-173.0,56
1999-10-22T00:00,1999-10-29T14:00,1999-10-22T06:00,-237.0,183
1999-11-10T23:00,1999-11-15T19:00,1999-11-13T22:00,-106.0,117
2000-02-11T21:00,2000-02-15T23:00,2000-02-12T11:00,-135.0,99
2000-04-06T18:00,2000-04-12T07:00,2000-04-07T00:00,-292.0,134
2000-05-24T03:00,2000-05-26T19:00,2000-05-24T08:00,-147.0,65
2000-07-15T16:00,2000-07-18T18:00,2000-07-16T00:00,-300.0,75
2000-08-10T16:00,2000-08-14T20:00,2000-08-12T09:00,-234.0,101
2000-09-17T21:00,2000-09-21T18:00,2000-09-17T23:00,-201.0,94
2000-10-02T15:00,2000-10-08T10:00,2000-10-05T13:00,-181.0,140
2000-10-13T16:00,2000-10-15T18:00,2000-10-14T14:00,-106.0,51
2000-10-28T23:00,2000-10-31T03:00,2000-10-29T03:00,-126.0,53
2000-11-05T14:00,2000-11-08T09:00,2000-11-06T21:00,-159.0,68
2000-11-26T23:00,2000-11-30T23:00,2000-11-29T13:00,-119.0,97
2001-03-19T16:00,2001-03-22T10:00,2001-03-20T13:00,-149.0,67
2001-03-31T05:00,2001-04-03T19:00,2001-03-31T08:00,-387.0,87
2001-04-11T16:00,2001-04-13T09:00,2001-04-11T23:00,-271.0,42
2001-04-18T02:00,2001-04-20T07:00,2001-04-18T06:00,-114.0,54
2001-04-22T06:00,2001-04-24T21:00,2001-04-22T15:00,-102.0,64
2001-08-17T18:00,2001-08-18T16:00,2001-08-17T21:00,-105.0,23
2001-09-25T23:00,2001-10-05T11:00,2001-10-03T14:00,-166.0,229
2001-10-21T18:00,2001-10-25T08:00,2001-10-21T21:00,-187.0,87
2001-10-28T04:00,2001-10-31T11:00,2001-10-28T11:00,-157.0,80
2001-10-31T20:00,2001-11-03T01:00,2001-11-01T10:00,-106.0,54
2001-11-05T20:00,2001-11-12T07:00,2001-11-06T06:00,-292.0,156
2001-11-24T07:00,2001-11-28T07:00,2001-11-24T16:00,-221.0,97
2002-04-17T12:00,2002-04-23T03:00,2002-04-20T08:00,-149.0,136
2002-05-11T14:00,2002-05-13T11:00,2002-05-11T19:00,-110.0,46
2002-05-23T12:00,2002-05-25T23:00,2002-05-23T17:00,-109.0,60
2002-08-02T00:00,2002-08-03T17:00,2002-08-02T05:00,-102.0,42
2002-08-19T00:00,2002-08-22T16:00,2002-08-21T06:00,-106.0,89
2002-09-04T03:00,2002-09-15T05:00,2002-09-08T00:00,-181.0,267
2002-09-30T22:00,2002-10-20T11:00,2002-10-01T16:00,-176.0,470
2002-11-21T03:00,2002-11-26T18:00,2002-11-21T10:00,-128.0,136
2003-05-28T08:00,2003-06-01T10:00,2003-05-29T23:00,-144.0,99
2003-06-16T11:00,2003-06-20T07:00,2003-06-18T09:00,-141.0,93
2003-07-11T05:00,2003-07-14T10:00,2003-07-12T05:00,-105.0,78
2003-08-17T19:00,2003-08-20T13:00,2003-08-18T15:00,-148.0,67
2003-10-29T07:00,2003-11-03T06:00,2003-10-30T22:00,-383.0,120
2003-11-20T09:00,2003-11-25T18:00,2003-11-20T20:00,-422.0,130
2004-01-22T11:00,2004-01-27T11:00,2004-01-22T13:00,-130.0,121
2004-04-03T17:00,2004-04-04T14:00,2004-04-04T00:00,-117.0,22
2004-07-24T17:00,2004-08-01T05:00,2004-07-27T13:00,-170.0,181
2004-08-30T07:00,2004-09-02T00:00,2004-08-30T22:00,-129.0,66
2004-11-07T21:00,2004-11-18T22:00,2004-11-08T06:00,-374.0,266
2005-01-18T00:00,2005-01-21T16:00,2005-01-18T08:00,-103.0,89
2005-05-08T00:00,2005-05-11T01:00,2005-05-08T18:00,-110.0,74
2005-05-15T06:00,2005-05-19T20:00,2005-05-15T08:00,-247.0,111
2005-05-30T07:00,2005-05-31T20:00,2005-05-30T13:00,-113.0,38
2005-06-12T18:00,2005-06-14T12:00,2005-06-13T00:00,-106.0,43
2005-08-24T10:00,2005-08-28T06:00,2005-08-24T11:00,-184.0,93
2005-08-31T14:00,2005-09-07T00:00,2005-08-31T19:00,-122.0,155
2005-09-11T03:00,2005-09-21T01:00,2005-09-11T10:00,-139.0,239
2006-12-14T22:00,2006-12-18T16:00,2006-12-15T07:00,-162.0,91
2011-08-05T21:00,2011-08-10T02:00,2011-08-06T03:00,-115.0,102
2011-09-26T16:00,2011-09-27T20:00,2011-09-26T23:00,-118.0,29
2011-10-24T22:00,2011-10-28T15:00,2011-10-25T01:00,-147.0,90
2012-03-08T15:00,2012-03-11T13:00,2012-03-09T08:00,-145.0,71
2012-04-23T19:00,2012-04-27T13:00,2012-04-24T04:00,-120.0,91
2012-07-15T03:00,2012-07-19T05:00,2012-07-15T16:00,-139.0,99
2012-09-30T16:00,2012-10-03T04:00,2012-10-01T04:00,-122.0,61
2012-10-08T02:00,2012-10-11T22:00,2012-10-09T08:00,-109.0,93
2012-11-13T20:00,2012-11-16T13:00,2012-11-14T07:00,-108.0,66
2013-03-17T08:00,2013-03-22T02:00,2013-03-17T20:00,-132.0,115
2013-06-01T02:00,2013-06-04T08:00,2013-06-01T08:00,-124.0,79
2013-06-28T12:00,2013-07-01T21:00,2013-06-29T06:00,-102.0,82
2014-02-18T19:00,2014-02-23T03:00,2014-02-19T08:00,-119.0,105
2015-01-07T08:00,2015-01-10T13:00,2015-01-07T11:00,-107.0,78
2015-03-17T08:00,2015-03-25T09:00,2015-03-17T22:00,-234.0,194
2015-06-22T19:00,2015-06-29T09:00,2015-06-23T04:00,-198.0,159
2015-08-26T06:00,2015-08-30T16:00,2015-08-27T20:00,-103.0,107
2015-09-09T01:00,2015-09-10T20:00,2015-09-09T12:00,-105.0,44
2015-10-07T04:00,2015-10-12T03:00,2015-10-07T22:00,-130.0,120
2015-12-20T05:00,2015-12-23T11:00,2015-12-20T22:00,-166.0,79
2015-12-31T13:00,2016-01-02T10:00,2016-01-01T00:00,-116.0,46
2016-01-20T08:00,2016-01-23T23:00,2016-01-20T16:00,-101.0,88
2016-10-13T08:00,2016-10-14T22:00,2016-10-13T17:00,-110.0,39
2017-05-27T23:00,2017-05-29T06:00,2017-05-28T07:00,-146.0,32
2017-09-07T22:00,2017-09-12T05:00,2017-09-08T01:00,-148.0,104
2018-08-25T19:00,2018-08-31T04:00,2018-08-26T07:00,-176.0,130
2021-11-04T03:00,2021-11-05T04:00,2021-11-04T13:00,-105.0,26
2023-02-26T21:00,2023-03-01T08:00,2023-02-27T12:00,-132.0,60
2023-03-23T12:00,2023-03-26T03:00,2023-03-24T02:00,-163.0,64
2023-04-23T10:00,2023-04-27T00:00,2023-04-24T05:00,-213.0,87
2023-11-05T10:00,2023-11-09T12:00,2023-11-05T19:00,-163.0,99
2023-12-01T11:00,2023-12-03T15:00,2023-12-01T13:00,-108.0,53
2024-03-03T15:00,2024-03-05T20:00,2024-03-03T19:00,-112.0,54
2024-03-23T18:00,2024-03-27T07:00,2024-03-24T20:00,-128.0,86
2024-04-19T08:00,2024-04-22T22:00,2024-04-19T19:00,-117.0,87
2024-05-10T18:00,2024-05-19T19:00,2024-05-11T02:00,-406.0,218
2024-06-27T23:00,2024-06-29T23:00,2024-06-28T12:00,-107.0,49
2024-08-12T03:00,2024-08-14T17:00,2024-08-12T16:00,-188.0,63
2024-09-12T07:00,2024-09-16T22:00,2024-09-12T14:00,-121.0,112
2024-09-17T00:00,2024-09-20T05:00,2024-09-17T08:00,-121.0,78
2024-10-07T11:00,2024-10-10T05:00,2024-10-08T07:00,-148.0,67
2024-10-10T17:00,2024-10-13T21:00,2024-10-11T01:00,-333.0,77
2024-11-08T21:00,2024-11-11T19:00,2024-11-09T12:00,-101.0,71
2024-12-31T22:00,2025-01-03T23:00,2025-01-01T15:00,-212.0,74
2025-04-16T12:00,2025-04-17T13:00,2025-04-16T17:00,-138.0,26
2025-06-01T07:00,2025-06-05T05:00,2025-06-01T13:00,-119.0,95
2025-06-12T11:00,2025-06-14T22:00,2025-06-13T20:00,-101.0,60
2025-09-29T07:00,2025-10-05T15:00,2025-09-30T07:00,-106.0,153
2025-11-05T20:00,2025-11-06T19:00,2025-11-06T06:00,-116.0,24
2025-11-12T01:00,2025-11-14T22:00,2025-11-12T04:00,-217.0,70
2026-01-19T21:00,2026-01-30T19:00,2026-01-20T16:00,-236.0,263
2026-03-20T22:00,2026-03-25T05:00,2026-03-22T22:00,-105.0,104
