altitude_km,k,epoch,deploy,lifetime_years,reentered
400,0.75,max,2035-01-16,0.3642,true
400,1.0,max,2035-01-16,0.2803,true
400,1.25,max,2035-01-16,0.2256,true
425,0.75,max,2035-01-16,0.6521,true
425,1.0,max,2035-01-16,0.4637,true
425,1.25,max,2035-01-16,0.3429,true
450,0.75,max,2035-01-16,0.9936,true
450,1.0,max,2035-01-16,0.7606,true
450,1.25,max,2035-01-16,0.5821,true
475,0.75,max,2035-01-16,1.5972,true
475,1.0,max,2035-01-16,1.1186,true
475,1.25,max,2035-01-16,0.8544,true
500,0.75,max,2035-01-16,2.6555,true
500,1.0,max,2035-01-16,1.7711,true
500,1.25,max,2035-01-16,1.2465,true
525,0.75,max,2035-01-16,5.5435,true
525,1.0,max,2035-01-16,3.0032,true
525,1.25,max,2035-01-16,1.9938,true
530,0.75,max,2035-01-16,6.7197,true
530,1.0,max,2035-01-16,3.3805,true
530,1.25,max,2035-01-16,2.1828,true
540,0.75,max,2035-01-16,9.2458,true
540,1.0,max,2035-01-16,4.7488,true
540,1.25,max,2035-01-16,2.73,true
550,0.75,max,2035-01-16,10.4776,true
550,1.0,max,2035-01-16,7.7872,true
550,1.25,max,2035-01-16,3.6204,true
560,0.75,max,2035-01-16,11.5331,true
560,1.0,max,2035-01-16,9.7221,true
560,1.25,max,2035-01-16,5.3895,true
570,0.75,max,2035-01-16,12.7668,true
570,1.0,max,2035-01-16,10.6861,true
570,1.25,max,2035-01-16,8.802,true
575,0.75,max,2035-01-16,13.5716,true
575,1.0,max,2035-01-16,11.1117,true
575,1.25,max,2035-01-16,9.5289,true
600,0.75,max,2035-01-16,22.2257,true
600,1.0,max,2035-01-16,14.2295,true
600,1.25,max,2035-01-16,11.6514,true
625,0.75,max,2035-01-16,33.0519,true
625,1.0,max,2035-01-16,22.8432,true
625,1.25,max,2035-01-16,15.5068,true
650,0.75,max,2035-01-16,40.0,false
650,1.0,max,2035-01-16,33.3131,true
650,1.25,max,2035-01-16,23.3581,true
400,0.75,min,2030-08-16,1.2107,true
400,1.0,min,2030-08-16,1.1944,true
400,1.25,min,2030-08-16,1.1761,true
425,0.75,min,2030-08-16,1.9672,true
425,1.0,min,2030-08-16,1.881,true
425,1.25,min,2030-08-16,1.8125,true
450,0.75,min,2030-08-16,2.7358,true
450,1.0,min,2030-08-16,2.5908,true
450,1.25,min,2030-08-16,2.4819,true
475,0.75,min,2030-08-16,3.5263,true
475,1.0,min,2030-08-16,3.2587,true
475,1.25,min,2030-08-16,3.0736,true
500,0.75,min,2030-08-16,4.424,true
500,1.0,min,2030-08-16,3.9351,true
500,1.25,min,2030-08-16,3.6054,true
525,0.75,min,2030-08-16,5.6818,true
525,1.0,min,2030-08-16,4.7839,true
525,1.25,min,2030-08-16,4.2748,true
550,0.75,min,2030-08-16,8.5653,true
550,1.0,min,2030-08-16,6.1134,true
550,1.25,min,2030-08-16,5.1623,true
575,0.75,min,2030-08-16,15.2364,true
575,1.0,min,2030-08-16,10.0713,true
575,1.25,min,2030-08-16,6.5142,true
600,0.75,min,2030-08-16,21.9984,true
600,1.0,min,2030-08-16,15.9515,true
600,1.25,min,2030-08-16,13.1922,true
625,0.75,min,2030-08-16,31.3204,true
625,1.0,min,2030-08-16,24.6787,true
625,1.25,min,2030-08-16,16.4058,true
650,0.75,min,2030-08-16,40.0,false
650,1.0,min,2030-08-16,34.7857,true
650,1.25,min,2030-08-16,25.6871,true
