arm,conditioned,deploy,sample,n_storms,lifetime_years,reentered
cc_550km_2030-08,true,2030-08-16,0,95,6.088704,true
cc_550km_2030-08,true,2030-08-16,1,104,6.04404,true
cc_550km_2030-08,true,2030-08-16,2,96,6.021344,true
cc_550km_2030-08,true,2030-08-16,3,96,6.047864,true
cc_550km_2030-08,true,2030-08-16,4,101,6.03178,true
cc_550km_2030-08,true,2030-08-16,5,95,6.047319,true
cc_550km_2030-08,true,2030-08-16,6,91,6.044042,true
cc_550km_2030-08,true,2030-08-16,7,82,6.08447,true
cc_550km_2030-08,true,2030-08-16,8,95,6.081603,true
cc_550km_2030-08,true,2030-08-16,9,94,6.05958,true
cc_550km_2030-08,true,2030-08-16,10,86,6.043209,true
cc_550km_2030-08,true,2030-08-16,11,108,6.078522,true
cc_550km_2030-08,true,2030-08-16,12,97,6.00998,true
cc_550km_2030-08,true,2030-08-16,13,98,6.072044,true
cc_550km_2030-08,true,2030-08-16,14,97,6.076942,true
cc_550km_2030-08,true,2030-08-16,15,87,6.061531,true
cc_550km_2030-08,true,2030-08-16,16,97,6.0371,true
cc_550km_2030-08,true,2030-08-16,17,94,6.126003,true
cc_550km_2030-08,true,2030-08-16,18,108,6.076857,true
cc_550km_2030-08,true,2030-08-16,19,87,6.059005,true
cc_550km_2030-08,true,2030-08-16,20,101,6.07851,true
cc_550km_2030-08,true,2030-08-16,21,121,6.025284,true
cc_550km_2030-08,true,2030-08-16,22,94,6.105824,true
cc_550km_2030-08,true,2030-08-16,23,102,6.068748,true
cc_550km_2030-08,true,2030-08-16,24,99,6.050295,true
cc_550km_2030-08,true,2030-08-16,25,90,6.077316,true
cc_550km_2030-08,true,2030-08-16,26,77,6.096018,true
cc_550km_2030-08,true,2030-08-16,27,92,6.068048,true
cc_550km_2030-08,true,2030-08-16,28,97,6.022961,true
cc_550km_2030-08,true,2030-08-16,29,97,6.060502,true
cc_550km_2030-08,true,2030-08-16,30,84,6.061902,true
cc_550km_2030-08,true,2030-08-16,31,94,6.067715,true
cc_550km_2030-08,true,2030-08-16,32,103,6.083743,true
cc_550km_2030-08,true,2030-08-16,33,92,6.035337,true
cc_550km_2030-08,true,2030-08-16,34,96,6.042359,true
cc_550km_2030-08,true,2030-08-16,35,90,6.090424,true
cc_550km_2030-08,true,2030-08-16,36,80,6.141967,true
cc_550km_2030-08,true,2030-08-16,37,113,6.081132,true
cc_550km_2030-08,true,2030-08-16,38,88,6.083537,true
cc_550km_2030-08,true,2030-08-16,39,96,6.053564,true
cc_550km_2030-08,true,2030-08-16,40,107,6.047558,true
cc_550km_2030-08,true,2030-08-16,41,89,6.074516,true
cc_550km_2030-08,true,2030-08-16,42,91,6.116146,true
cc_550km_2030-08,true,2030-08-16,43,118,6.096238,true
cc_550km_2030-08,true,2030-08-16,44,106,6.059854,true
cc_550km_2030-08,true,2030-08-16,45,99,6.109759,true
cc_550km_2030-08,true,2030-08-16,46,94,6.019338,true
cc_550km_2030-08,true,2030-08-16,47,93,6.042888,true
cc_550km_2030-08,true,2030-08-16,48,88,6.084068,true
cc_550km_2030-08,true,2030-08-16,49,105,6.046157,true
cc_550km_2030-08,true,2030-08-16,50,99,6.092706,true
cc_550km_2030-08,true,2030-08-16,51,90,6.057586,true
cc_550km_2030-08,true,2030-08-16,52,99,6.113005,true
cc_550km_2030-08,true,2030-08-16,53,101,6.047196,true
cc_550km_2030-08,true,2030-08-16,54,93,6.152187,true
cc_550km_2030-08,true,2030-08-16,55,103,6.067436,true
cc_550km_2030-08,true,2030-08-16,56,112,6.043573,true
cc_550km_2030-08,true,2030-08-16,57,111,6.007029,true
cc_550km_2030-08,true,2030-08-16,58,123,6.061775,true
cc_550km_2030-08,true,2030-08-16,59,104,6.052919,true
cc_550km_2030-08,true,2030-08-16,60,96,6.042838,true
cc_550km_2030-08,true,2030-08-16,61,102,6.075655,true
cc_550km_2030-08,true,2030-08-16,62,90,6.048912,true
cc_550km_2030-08,true,2030-08-16,63,98,6.106731,true
cc_550km_2030-08,true,2030-08-16,64,127,6.05491,true
cc_550km_2030-08,true,2030-08-16,65,92,6.068699,true
cc_550km_2030-08,true,2030-08-16,66,97,6.079151,true
cc_550km_2030-08,true,2030-08-16,67,91,6.054541,true
cc_550km_2030-08,true,2030-08-16,68,84,6.084985,true
cc_550km_2030-08,true,2030-08-16,69,106,6.025989,true
cc_550km_2030-08,true,2030-08-16,70,91,6.087345,true
cc_550km_2030-08,true,2030-08-16,71,112,6.066948,true
cc_550km_2030-08,true,2030-08-16,72,106,6.0934,true
cc_550km_2030-08,true,2030-08-16,73,90,6.060056,true
cc_550km_2030-08,true,2030-08-16,74,96,6.118221,true
cc_550km_2030-08,true,2030-08-16,75,110,6.029276,true
cc_550km_2030-08,true,2030-08-16,76,80,6.046451,true
cc_550km_2030-08,true,2030-08-16,77,87,6.072177,true
cc_550km_2030-08,true,2030-08-16,78,103,6.068651,true
cc_550km_2030-08,true,2030-08-16,79,111,6.099858,true
cc_550km_2030-08,true,2030-08-16,80,87,6.081904,true
cc_550km_2030-08,true,2030-08-16,81,91,6.05073,true
cc_550km_2030-08,true,2030-08-16,82,86,6.029572,true
cc_550km_2030-08,true,2030-08-16,83,111,6.060332,true
cc_550km_2030-08,true,2030-08-16,84,82,6.088515,true
cc_550km_2030-08,true,2030-08-16,85,91,6.106448,true
cc_550km_2030-08,true,2030-08-16,86,76,6.106552,true
cc_550km_2030-08,true,2030-08-16,87,89,6.110925,true
cc_550km_2030-08,true,2030-08-16,88,83,6.063907,true
cc_550km_2030-08,true,2030-08-16,89,119,6.036569,true
cc_550km_2030-08,true,2030-08-16,90,71,6.112801,true
cc_550km_2030-08,true,2030-08-16,91,87,6.064267,true
cc_550km_2030-08,true,2030-08-16,92,105,6.087423,true
cc_550km_2030-08,true,2030-08-16,93,88,6.08902,true
cc_550km_2030-08,true,2030-08-16,94,106,6.043086,true
cc_550km_2030-08,true,2030-08-16,95,104,6.058102,true
cc_550km_2030-08,true,2030-08-16,96,85,6.058412,true
cc_550km_2030-08,true,2030-08-16,97,100,6.043873,true
cc_550km_2030-08,true,2030-08-16,98,105,6.083727,true
cc_550km_2030-08,true,2030-08-16,99,113,6.056288,true
cc_550km_2035-01,true,2035-01-16,0,77,7.615444,true
cc_550km_2035-01,true,2035-01-16,1,88,7.397159,true
cc_550km_2035-01,true,2035-01-16,2,101,7.580611,true
cc_550km_2035-01,true,2035-01-16,3,95,7.352427,true
cc_550km_2035-01,true,2035-01-16,4,90,7.440101,true
cc_550km_2035-01,true,2035-01-16,5,75,7.585047,true
cc_550km_2035-01,true,2035-01-16,6,81,7.601247,true
cc_550km_2035-01,true,2035-01-16,7,93,7.635792,true
cc_550km_2035-01,true,2035-01-16,8,79,7.508759,true
cc_550km_2035-01,true,2035-01-16,9,83,7.670314,true
cc_550km_2035-01,true,2035-01-16,10,80,7.762966,true
cc_550km_2035-01,true,2035-01-16,11,79,7.422073,true
cc_550km_2035-01,true,2035-01-16,12,91,7.520751,true
cc_550km_2035-01,true,2035-01-16,13,91,7.639233,true
cc_550km_2035-01,true,2035-01-16,14,99,7.523168,true
cc_550km_2035-01,true,2035-01-16,15,95,7.593119,true
cc_550km_2035-01,true,2035-01-16,16,93,7.620931,true
cc_550km_2035-01,true,2035-01-16,17,86,7.64337,true
cc_550km_2035-01,true,2035-01-16,18,91,7.635823,true
cc_550km_2035-01,true,2035-01-16,19,97,7.875349,true
cc_550km_2035-01,true,2035-01-16,20,81,7.230226,true
cc_550km_2035-01,true,2035-01-16,21,91,7.378709,true
cc_550km_2035-01,true,2035-01-16,22,94,7.415168,true
cc_550km_2035-01,true,2035-01-16,23,79,7.695758,true
cc_550km_2035-01,true,2035-01-16,24,94,7.292146,true
cc_550km_2035-01,true,2035-01-16,25,85,7.656703,true
cc_550km_2035-01,true,2035-01-16,26,79,7.523142,true
cc_550km_2035-01,true,2035-01-16,27,78,7.706008,true
cc_550km_2035-01,true,2035-01-16,28,91,7.598969,true
cc_550km_2035-01,true,2035-01-16,29,93,7.446649,true
cc_550km_2035-01,true,2035-01-16,30,82,7.540918,true
cc_550km_2035-01,true,2035-01-16,31,78,7.655052,true
cc_550km_2035-01,true,2035-01-16,32,85,7.717898,true
cc_550km_2035-01,true,2035-01-16,33,85,7.680538,true
cc_550km_2035-01,true,2035-01-16,34,87,7.740513,true
cc_550km_2035-01,true,2035-01-16,35,89,7.636842,true
cc_550km_2035-01,true,2035-01-16,36,87,7.591984,true
cc_550km_2035-01,true,2035-01-16,37,87,7.614502,true
cc_550km_2035-01,true,2035-01-16,38,64,7.529639,true
cc_550km_2035-01,true,2035-01-16,39,77,7.589944,true
cc_550km_2035-01,true,2035-01-16,40,72,7.676623,true
cc_550km_2035-01,true,2035-01-16,41,94,7.521799,true
cc_550km_2035-01,true,2035-01-16,42,83,7.513161,true
cc_550km_2035-01,true,2035-01-16,43,77,7.440277,true
cc_550km_2035-01,true,2035-01-16,44,87,7.679355,true
cc_550km_2035-01,true,2035-01-16,45,83,7.467625,true
cc_550km_2035-01,true,2035-01-16,46,81,7.61338,true
cc_550km_2035-01,true,2035-01-16,47,70,7.764093,true
cc_550km_2035-01,true,2035-01-16,48,82,7.427544,true
cc_550km_2035-01,true,2035-01-16,49,83,7.587317,true
cc_550km_2035-01,true,2035-01-16,50,78,7.497495,true
cc_550km_2035-01,true,2035-01-16,51,107,7.619738,true
cc_550km_2035-01,true,2035-01-16,52,82,7.262546,true
cc_550km_2035-01,true,2035-01-16,53,84,7.417454,true
cc_550km_2035-01,true,2035-01-16,54,81,7.863848,true
cc_550km_2035-01,true,2035-01-16,55,93,7.58635,true
cc_550km_2035-01,true,2035-01-16,56,96,7.594686,true
cc_550km_2035-01,true,2035-01-16,57,76,7.589215,true
cc_550km_2035-01,true,2035-01-16,58,86,7.499058,true
cc_550km_2035-01,true,2035-01-16,59,87,7.49624,true
cc_550km_2035-01,true,2035-01-16,60,69,7.506089,true
cc_550km_2035-01,true,2035-01-16,61,85,7.929977,true
cc_550km_2035-01,true,2035-01-16,62,87,7.601486,true
cc_550km_2035-01,true,2035-01-16,63,95,7.348001,true
cc_550km_2035-01,true,2035-01-16,64,72,7.64335,true
cc_550km_2035-01,true,2035-01-16,65,91,7.193347,true
cc_550km_2035-01,true,2035-01-16,66,86,7.283798,true
cc_550km_2035-01,true,2035-01-16,67,82,7.647156,true
cc_550km_2035-01,true,2035-01-16,68,78,7.58576,true
cc_550km_2035-01,true,2035-01-16,69,98,7.533257,true
cc_550km_2035-01,true,2035-01-16,70,83,7.341258,true
cc_550km_2035-01,true,2035-01-16,71,84,7.458562,true
cc_550km_2035-01,true,2035-01-16,72,97,7.537191,true
cc_550km_2035-01,true,2035-01-16,73,84,7.544457,true
cc_550km_2035-01,true,2035-01-16,74,102,7.501983,true
cc_550km_2035-01,true,2035-01-16,75,83,7.421773,true
cc_550km_2035-01,true,2035-01-16,76,73,7.352046,true
cc_550km_2035-01,true,2035-01-16,77,77,7.628948,true
cc_550km_2035-01,true,2035-01-16,78,99,7.654326,true
cc_550km_2035-01,true,2035-01-16,79,88,7.505396,true
cc_550km_2035-01,true,2035-01-16,80,84,7.398132,true
cc_550km_2035-01,true,2035-01-16,81,91,7.409948,true
cc_550km_2035-01,true,2035-01-16,82,70,7.701513,true
cc_550km_2035-01,true,2035-01-16,83,95,7.286538,true
cc_550km_2035-01,true,2035-01-16,84,97,7.280459,true
cc_550km_2035-01,true,2035-01-16,85,97,7.334314,true
cc_550km_2035-01,true,2035-01-16,86,82,7.772922,true
cc_550km_2035-01,true,2035-01-16,87,96,7.58625,true
cc_550km_2035-01,true,2035-01-16,88,72,7.26856,true
cc_550km_2035-01,true,2035-01-16,89,100,7.668686,true
cc_550km_2035-01,true,2035-01-16,90,86,7.705956,true
cc_550km_2035-01,true,2035-01-16,91,71,7.437578,true
cc_550km_2035-01,true,2035-01-16,92,93,7.466032,true
cc_550km_2035-01,true,2035-01-16,93,72,7.635476,true
cc_550km_2035-01,true,2035-01-16,94,91,7.224386,true
cc_550km_2035-01,true,2035-01-16,95,78,7.795694,true
cc_550km_2035-01,true,2035-01-16,96,91,7.646809,true
cc_550km_2035-01,true,2035-01-16,97,85,7.726568,true
cc_550km_2035-01,true,2035-01-16,98,79,7.437201,true
cc_550km_2035-01,true,2035-01-16,99,76,7.373822,true
flat_550km_2030-08,false,2030-08-16,0,105,6.106394,true
flat_550km_2030-08,false,2030-08-16,1,115,6.060809,true
flat_550km_2030-08,false,2030-08-16,2,105,6.109586,true
flat_550km_2030-08,false,2030-08-16,3,120,6.087939,true
flat_550km_2030-08,false,2030-08-16,4,107,6.09672,true
flat_550km_2030-08,false,2030-08-16,5,133,6.073982,true
flat_550km_2030-08,false,2030-08-16,6,126,6.090938,true
flat_550km_2030-08,false,2030-08-16,7,106,6.064465,true
flat_550km_2030-08,false,2030-08-16,8,91,6.056345,true
flat_550km_2030-08,false,2030-08-16,9,121,6.075295,true
flat_550km_2030-08,false,2030-08-16,10,130,6.034122,true
flat_550km_2030-08,false,2030-08-16,11,128,6.085749,true
flat_550km_2030-08,false,2030-08-16,12,128,6.055375,true
flat_550km_2030-08,false,2030-08-16,13,112,6.019913,true
flat_550km_2030-08,false,2030-08-16,14,141,6.027156,true
flat_550km_2030-08,false,2030-08-16,15,124,6.023579,true
flat_550km_2030-08,false,2030-08-16,16,133,6.078505,true
flat_550km_2030-08,false,2030-08-16,17,118,6.035216,true
flat_550km_2030-08,false,2030-08-16,18,83,6.016054,true
flat_550km_2030-08,false,2030-08-16,19,99,6.078479,true
flat_550km_2030-08,false,2030-08-16,20,119,6.095699,true
flat_550km_2030-08,false,2030-08-16,21,100,6.116028,true
flat_550km_2030-08,false,2030-08-16,22,104,6.092165,true
flat_550km_2030-08,false,2030-08-16,23,119,6.109857,true
flat_550km_2030-08,false,2030-08-16,24,116,6.071175,true
flat_550km_2030-08,false,2030-08-16,25,104,6.068897,true
flat_550km_2030-08,false,2030-08-16,26,106,6.02967,true
flat_550km_2030-08,false,2030-08-16,27,94,6.021393,true
flat_550km_2030-08,false,2030-08-16,28,113,6.09022,true
flat_550km_2030-08,false,2030-08-16,29,117,6.083216,true
flat_550km_2030-08,false,2030-08-16,30,119,6.06769,true
flat_550km_2030-08,false,2030-08-16,31,100,6.085153,true
flat_550km_2030-08,false,2030-08-16,32,108,6.095496,true
flat_550km_2030-08,false,2030-08-16,33,99,6.090054,true
flat_550km_2030-08,false,2030-08-16,34,111,6.105476,true
flat_550km_2030-08,false,2030-08-16,35,102,6.060495,true
flat_550km_2030-08,false,2030-08-16,36,107,6.112508,true
flat_550km_2030-08,false,2030-08-16,37,121,6.073868,true
flat_550km_2030-08,false,2030-08-16,38,104,6.072771,true
flat_550km_2030-08,false,2030-08-16,39,126,6.074893,true
flat_550km_2030-08,false,2030-08-16,40,113,6.068443,true
flat_550km_2030-08,false,2030-08-16,41,113,6.106339,true
flat_550km_2030-08,false,2030-08-16,42,123,6.020108,true
flat_550km_2030-08,false,2030-08-16,43,133,6.062442,true
flat_550km_2030-08,false,2030-08-16,44,113,6.099953,true
flat_550km_2030-08,false,2030-08-16,45,108,6.039304,true
flat_550km_2030-08,false,2030-08-16,46,116,6.028018,true
flat_550km_2030-08,false,2030-08-16,47,110,6.077772,true
flat_550km_2030-08,false,2030-08-16,48,111,6.046628,true
flat_550km_2030-08,false,2030-08-16,49,132,6.090052,true
flat_550km_2030-08,false,2030-08-16,50,105,6.063916,true
flat_550km_2030-08,false,2030-08-16,51,128,6.055569,true
flat_550km_2030-08,false,2030-08-16,52,108,6.058403,true
flat_550km_2030-08,false,2030-08-16,53,114,6.074007,true
flat_550km_2030-08,false,2030-08-16,54,101,6.091226,true
flat_550km_2030-08,false,2030-08-16,55,107,6.055231,true
flat_550km_2030-08,false,2030-08-16,56,103,6.091625,true
flat_550km_2030-08,false,2030-08-16,57,118,6.059723,true
flat_550km_2030-08,false,2030-08-16,58,128,6.063961,true
flat_550km_2030-08,false,2030-08-16,59,115,6.055044,true
flat_550km_2030-08,false,2030-08-16,60,109,6.095661,true
flat_550km_2030-08,false,2030-08-16,61,105,6.088497,true
flat_550km_2030-08,false,2030-08-16,62,119,6.01933,true
flat_550km_2030-08,false,2030-08-16,63,120,6.053508,true
flat_550km_2030-08,false,2030-08-16,64,99,6.085645,true
flat_550km_2030-08,false,2030-08-16,65,124,6.071617,true
flat_550km_2030-08,false,2030-08-16,66,112,6.084006,true
flat_550km_2030-08,false,2030-08-16,67,114,6.11472,true
flat_550km_2030-08,false,2030-08-16,68,118,6.046147,true
flat_550km_2030-08,false,2030-08-16,69,116,6.083529,true
flat_550km_2030-08,false,2030-08-16,70,124,6.044027,true
flat_550km_2030-08,false,2030-08-16,71,120,6.089218,true
flat_550km_2030-08,false,2030-08-16,72,109,6.104445,true
flat_550km_2030-08,false,2030-08-16,73,118,6.079457,true
flat_550km_2030-08,false,2030-08-16,74,82,6.096148,true
flat_550km_2030-08,false,2030-08-16,75,113,6.099375,true
flat_550km_2030-08,false,2030-08-16,76,88,6.047634,true
flat_550km_2030-08,false,2030-08-16,77,121,6.071981,true
flat_550km_2030-08,false,2030-08-16,78,114,6.051701,true
flat_550km_2030-08,false,2030-08-16,79,115,6.111286,true
flat_550km_2030-08,false,2030-08-16,80,103,6.052234,true
flat_550km_2030-08,false,2030-08-16,81,100,6.114984,true
flat_550km_2030-08,false,2030-08-16,82,121,6.042859,true
flat_550km_2030-08,false,2030-08-16,83,126,6.080674,true
flat_550km_2030-08,false,2030-08-16,84,103,6.057074,true
flat_550km_2030-08,false,2030-08-16,85,117,6.148031,true
flat_550km_2030-08,false,2030-08-16,86,113,6.015863,true
flat_550km_2030-08,false,2030-08-16,87,114,6.081813,true
flat_550km_2030-08,false,2030-08-16,88,119,6.048216,true
flat_550km_2030-08,false,2030-08-16,89,113,6.059416,true
flat_550km_2030-08,false,2030-08-16,90,108,6.028016,true
flat_550km_2030-08,false,2030-08-16,91,96,6.070026,true
flat_550km_2030-08,false,2030-08-16,92,108,6.087473,true
flat_550km_2030-08,false,2030-08-16,93,112,6.0603,true
flat_550km_2030-08,false,2030-08-16,94,101,6.137055,true
flat_550km_2030-08,false,2030-08-16,95,102,6.029194,true
flat_550km_2030-08,false,2030-08-16,96,130,6.087332,true
flat_550km_2030-08,false,2030-08-16,97,135,6.086308,true
flat_550km_2030-08,false,2030-08-16,98,108,6.084399,true
flat_550km_2030-08,false,2030-08-16,99,135,6.110901,true
flat_550km_2035-01,false,2035-01-16,0,114,7.621836,true
flat_550km_2035-01,false,2035-01-16,1,120,7.680595,true
flat_550km_2035-01,false,2035-01-16,2,117,7.406654,true
flat_550km_2035-01,false,2035-01-16,3,119,7.391233,true
flat_550km_2035-01,false,2035-01-16,4,125,7.659683,true
flat_550km_2035-01,false,2035-01-16,5,103,7.586312,true
flat_550km_2035-01,false,2035-01-16,6,100,7.481512,true
flat_550km_2035-01,false,2035-01-16,7,124,7.535845,true
flat_550km_2035-01,false,2035-01-16,8,115,7.389512,true
flat_550km_2035-01,false,2035-01-16,9,114,7.300437,true
flat_550km_2035-01,false,2035-01-16,10,99,7.257508,true
flat_550km_2035-01,false,2035-01-16,11,113,7.343831,true
flat_550km_2035-01,false,2035-01-16,12,96,7.665812,true
flat_550km_2035-01,false,2035-01-16,13,111,7.686435,true
flat_550km_2035-01,false,2035-01-16,14,99,7.59508,true
flat_550km_2035-01,false,2035-01-16,15,112,7.605003,true
flat_550km_2035-01,false,2035-01-16,16,98,7.629342,true
flat_550km_2035-01,false,2035-01-16,17,116,7.45812,true
flat_550km_2035-01,false,2035-01-16,18,111,7.549608,true
flat_550km_2035-01,false,2035-01-16,19,118,7.536375,true
flat_550km_2035-01,false,2035-01-16,20,109,7.532633,true
flat_550km_2035-01,false,2035-01-16,21,101,7.433246,true
flat_550km_2035-01,false,2035-01-16,22,120,7.600606,true
flat_550km_2035-01,false,2035-01-16,23,118,7.505832,true
flat_550km_2035-01,false,2035-01-16,24,118,7.563535,true
flat_550km_2035-01,false,2035-01-16,25,123,7.472652,true
flat_550km_2035-01,false,2035-01-16,26,131,7.45038,true
flat_550km_2035-01,false,2035-01-16,27,106,7.420061,true
flat_550km_2035-01,false,2035-01-16,28,105,7.602555,true
flat_550km_2035-01,false,2035-01-16,29,104,7.672753,true
flat_550km_2035-01,false,2035-01-16,30,105,8.059388,true
flat_550km_2035-01,false,2035-01-16,31,127,7.316986,true
flat_550km_2035-01,false,2035-01-16,32,150,7.400357,true
flat_550km_2035-01,false,2035-01-16,33,98,7.583755,true
flat_550km_2035-01,false,2035-01-16,34,115,7.199441,true
flat_550km_2035-01,false,2035-01-16,35,112,7.450088,true
flat_550km_2035-01,false,2035-01-16,36,95,7.713074,true
flat_550km_2035-01,false,2035-01-16,37,113,7.487952,true
flat_550km_2035-01,false,2035-01-16,38,127,7.671243,true
flat_550km_2035-01,false,2035-01-16,39,109,7.596479,true
flat_550km_2035-01,false,2035-01-16,40,108,7.43045,true
flat_550km_2035-01,false,2035-01-16,41,116,7.711851,true
flat_550km_2035-01,false,2035-01-16,42,118,7.58959,true
flat_550km_2035-01,false,2035-01-16,43,122,7.46873,true
flat_550km_2035-01,false,2035-01-16,44,116,7.616789,true
flat_550km_2035-01,false,2035-01-16,45,125,7.409631,true
flat_550km_2035-01,false,2035-01-16,46,113,7.114414,true
flat_550km_2035-01,false,2035-01-16,47,116,7.364899,true
flat_550km_2035-01,false,2035-01-16,48,115,7.458627,true
flat_550km_2035-01,false,2035-01-16,49,114,7.844699,true
flat_550km_2035-01,false,2035-01-16,50,107,7.614521,true
flat_550km_2035-01,false,2035-01-16,51,103,7.36473,true
flat_550km_2035-01,false,2035-01-16,52,114,7.276302,true
flat_550km_2035-01,false,2035-01-16,53,110,7.36822,true
flat_550km_2035-01,false,2035-01-16,54,118,7.24165,true
flat_550km_2035-01,false,2035-01-16,55,104,7.436062,true
flat_550km_2035-01,false,2035-01-16,56,109,7.537105,true
flat_550km_2035-01,false,2035-01-16,57,107,7.380248,true
flat_550km_2035-01,false,2035-01-16,58,104,7.613901,true
flat_550km_2035-01,false,2035-01-16,59,111,7.614926,true
flat_550km_2035-01,false,2035-01-16,60,111,7.489609,true
flat_550km_2035-01,false,2035-01-16,61,115,7.41682,true
flat_550km_2035-01,false,2035-01-16,62,126,7.515117,true
flat_550km_2035-01,false,2035-01-16,63,104,7.347997,true
flat_550km_2035-01,false,2035-01-16,64,114,7.323631,true
flat_550km_2035-01,false,2035-01-16,65,102,7.592711,true
flat_550km_2035-01,false,2035-01-16,66,105,7.616814,true
flat_550km_2035-01,false,2035-01-16,67,117,7.314703,true
flat_550km_2035-01,false,2035-01-16,68,125,7.479624,true
flat_550km_2035-01,false,2035-01-16,69,139,7.520849,true
flat_550km_2035-01,false,2035-01-16,70,114,7.170222,true
flat_550km_2035-01,false,2035-01-16,71,111,7.372559,true
flat_550km_2035-01,false,2035-01-16,72,106,7.481798,true
flat_550km_2035-01,false,2035-01-16,73,128,7.508481,true
flat_550km_2035-01,false,2035-01-16,74,122,7.68318,true
flat_550km_2035-01,false,2035-01-16,75,107,7.370898,true
flat_550km_2035-01,false,2035-01-16,76,118,7.355801,true
flat_550km_2035-01,false,2035-01-16,77,111,7.414035,true
flat_550km_2035-01,false,2035-01-16,78,116,7.429598,true
flat_550km_2035-01,false,2035-01-16,79,103,7.770834,true
flat_550km_2035-01,false,2035-01-16,80,104,7.51154,true
flat_550km_2035-01,false,2035-01-16,81,101,7.438208,true
flat_550km_2035-01,false,2035-01-16,82,115,7.57081,true
flat_550km_2035-01,false,2035-01-16,83,110,7.499332,true
flat_550km_2035-01,false,2035-01-16,84,124,7.47609,true
flat_550km_2035-01,false,2035-01-16,85,112,7.406657,true
flat_550km_2035-01,false,2035-01-16,86,114,7.347466,true
flat_550km_2035-01,false,2035-01-16,87,103,7.405199,true
flat_550km_2035-01,false,2035-01-16,88,117,7.485558,true
flat_550km_2035-01,false,2035-01-16,89,119,7.765907,true
flat_550km_2035-01,false,2035-01-16,90,105,7.428646,true
flat_550km_2035-01,false,2035-01-16,91,107,7.680361,true
flat_550km_2035-01,false,2035-01-16,92,93,7.365419,true
flat_550km_2035-01,false,2035-01-16,93,127,7.490996,true
flat_550km_2035-01,false,2035-01-16,94,100,7.423683,true
flat_550km_2035-01,false,2035-01-16,95,118,7.577513,true
flat_550km_2035-01,false,2035-01-16,96,111,7.554928,true
flat_550km_2035-01,false,2035-01-16,97,114,7.392829,true
flat_550km_2035-01,false,2035-01-16,98,114,7.511989,true
flat_550km_2035-01,false,2035-01-16,99,117,7.517042,true
